"id","level","message","context","channel","user_id","ip_address","uri","created_at","updated_at"
1,info,Accès au formulaire de don,"{""action"":""view_donation_form"",""user_agent"":""Mozilla\/5.0 (X11; Linux x86_64) AppleWebKit\/537.36 (KHTML, like Gecko) Chrome\/131.0.0.0 Safari\/537.36""}",donations,1,"119.13.69.72",https://verite-app.com/donations,"2025-04-05 18:19:35","2025-04-05 18:19:35"
2,info,Tentative de création d'un don,"{""action"":""donation_attempt"",""amount"":""5000"",""payment_method_id"":""1"",""is_anonymous"":true,""has_message"":true}",donations,1,"119.13.69.72",https://verite-app.com/donations,"2025-04-05 18:20:07","2025-04-05 18:20:07"
3,info,Don créé avec succès,"{""action"":""donation_created"",""donation_id"":1,""amount"":""5000"",""payment_method_id"":""1"",""is_anonymous"":true,""user_id"":1}",donations,1,"119.13.69.72",https://verite-app.com/donations,"2025-04-05 18:20:07","2025-04-05 18:20:07"
4,info,Paiement initié avec succès,"{""action"":""payment_initiated"",""donation_id"":1,""transaction_id"":""36908328-400b-43dc-96c3-b8ae4ce9e30f"",""amount"":""5000"",""payment_method_id"":""1""}",payments,1,"119.13.69.72",https://verite-app.com/donations,"2025-04-05 18:20:13","2025-04-05 18:20:13"
5,info,Consultation de l'historique des dons personnels,"{""action"":""view_personal_donation_history"",""user_id"":1}",donations,1,"119.13.69.72",https://verite-app.com/donations/my-donations,"2025-04-05 18:20:36","2025-04-05 18:20:36"
6,info,Consultation de la liste des dons,"{""action"":""list_donations"",""user_agent"":""Mozilla\/5.0 (X11; Linux x86_64) AppleWebKit\/537.36 (KHTML, like Gecko) Chrome\/131.0.0.0 Safari\/537.36""}",donations,1,"119.13.69.72",https://verite-app.com/donations/list,"2025-04-05 18:21:04","2025-04-05 18:21:04"
7,info,Consultation de l'historique des dons personnels,"{""action"":""view_personal_donation_history"",""user_id"":1}",donations,1,"119.13.69.72",https://verite-app.com/donations/my-donations,"2025-04-05 18:22:38","2025-04-05 18:22:38"
8,info,System deployment completed successfully,"{""execution_time"":0.2200000000000000011102230246251565404236316680908203125,""steps"":[""Clearing caches..."",""\u2713 Caches cleared successfully"",""Running database migrations..."",""\u2713 Migrations completed: 0"",""Seeding database with required data..."",""\u2713 Seeders completed"",""Setting up storage links..."",""\u2713 Storage links created"",""Setting up scheduled jobs..."",""\u2713 Scheduled jobs registered"",""Optimizing application..."",""\u2713 Application optimized"",""Deployment completed in 0.22 seconds""],""user_id"":null}",system,,"119.13.69.72",http://ministere2laverite.cm,"2025-04-05 19:19:20","2025-04-05 19:19:20"
9,info,Consultation de la liste des dons,"{""action"":""list_donations"",""user_agent"":""Mozilla\/5.0 (X11; Linux x86_64) AppleWebKit\/537.36 (KHTML, like Gecko) Chrome\/131.0.0.0 Safari\/537.36""}",donations,1,"119.13.69.72",https://verite-app.com/donations/list,"2025-04-05 19:20:22","2025-04-05 19:20:22"
10,info,Consultation de la liste des dons,"{""action"":""list_donations"",""user_agent"":""Mozilla\/5.0 (X11; Linux x86_64) AppleWebKit\/537.36 (KHTML, like Gecko) Chrome\/131.0.0.0 Safari\/537.36""}",donations,1,"119.13.69.72",https://verite-app.com/donations/list,"2025-04-05 19:58:02","2025-04-05 19:58:02"
11,info,Consultation de l'historique des dons personnels,"{""action"":""view_personal_donation_history"",""user_id"":1}",donations,1,"119.13.69.72",https://verite-app.com/donations/my-donations,"2025-04-05 19:58:18","2025-04-05 19:58:18"
12,info,Consultation de l'historique des dons personnels,"{""action"":""view_personal_donation_history"",""user_id"":1}",donations,1,"119.13.69.72",https://verite-app.com/donations/my-donations,"2025-04-05 19:59:25","2025-04-05 19:59:25"
13,info,Consultation de l'historique des dons personnels,"{""action"":""view_personal_donation_history"",""user_id"":1}",donations,1,"119.13.69.72",https://verite-app.com/donations/my-donations,"2025-04-05 19:59:29","2025-04-05 19:59:29"
14,info,System deployment completed successfully,"{""execution_time"":0.179999999999999993338661852249060757458209991455078125,""steps"":[""Clearing caches..."",""\u2713 Caches cleared successfully"",""Running database migrations..."",""\u2713 Migrations completed: 0"",""Seeding database with required data..."",""\u2713 Seeders completed"",""Setting up storage links..."",""\u2713 Storage links created"",""Setting up scheduled jobs..."",""\u2713 Scheduled jobs registered"",""Optimizing application..."",""\u2713 Application optimized"",""Deployment completed in 0.18 seconds""],""user_id"":null}",system,,"119.13.69.72",http://ministere2laverite.cm,"2025-04-05 19:59:49","2025-04-05 19:59:49"
15,info,Consultation de la liste des dons,"{""action"":""list_donations"",""user_agent"":""Mozilla\/5.0 (X11; Linux x86_64) AppleWebKit\/537.36 (KHTML, like Gecko) Chrome\/131.0.0.0 Safari\/537.36""}",donations,1,"119.13.69.72",https://verite-app.com/donations/list,"2025-04-05 20:00:49","2025-04-05 20:00:49"
16,info,Accès au formulaire de don,"{""action"":""view_donation_form"",""user_agent"":""Mozilla\/5.0 (X11; Linux x86_64) AppleWebKit\/537.36 (KHTML, like Gecko) Chrome\/131.0.0.0 Safari\/537.36""}",donations,1,"119.13.69.72",https://verite-app.com/donations,"2025-04-05 20:00:54","2025-04-05 20:00:54"
17,info,Consultation de l'historique des dons personnels,"{""action"":""view_personal_donation_history"",""user_id"":1}",donations,1,"119.13.69.72",https://verite-app.com/donations/my-donations,"2025-04-05 20:01:01","2025-04-05 20:01:01"
18,info,System deployment completed successfully,"{""execution_time"":0.14000000000000001332267629550187848508358001708984375,""steps"":[""Clearing caches..."",""\u2713 Caches cleared successfully"",""Running database migrations..."",""\u2713 Migrations completed: 0"",""Seeding database with required data..."",""\u2713 Seeders completed"",""Setting up storage links..."",""\u2713 Storage links created"",""Setting up scheduled jobs..."",""\u2713 Scheduled jobs registered"",""Optimizing application..."",""\u2713 Application optimized"",""Deployment completed in 0.14 seconds""],""user_id"":null}",system,,"119.13.69.72",http://ministere2laverite.cm,"2025-04-05 20:07:42","2025-04-05 20:07:42"
19,info,System deployment completed successfully,"{""execution_time"":0.14000000000000001332267629550187848508358001708984375,""steps"":[""Clearing caches..."",""\u2713 Caches cleared successfully"",""Running database migrations..."",""\u2713 Migrations completed: 0"",""Seeding database with required data..."",""\u2713 Seeders completed"",""Setting up storage links..."",""\u2713 Storage links created"",""Setting up scheduled jobs..."",""\u2713 Scheduled jobs registered"",""Optimizing application..."",""\u2713 Application optimized"",""Deployment completed in 0.14 seconds""],""user_id"":null}",system,,"119.13.69.72",http://ministere2laverite.cm,"2025-04-05 20:25:16","2025-04-05 20:25:16"
20,info,System deployment completed successfully,"{""execution_time"":0.0200000000000000004163336342344337026588618755340576171875,""steps"":[""Clearing caches..."",""\u2713 Caches cleared successfully"",""Running database migrations..."",""\u2713 Migrations completed: 0"",""Seeding database with required data..."",""\u2713 Seeders completed"",""Setting up storage links..."",""\u2713 Storage links created"",""Setting up scheduled jobs..."",""\u2713 Scheduled jobs registered"",""Deployment completed in 0.02 seconds""],""user_id"":1}",system,1,"119.13.69.72",https://verite-app.com/admin/deploy-update-project,"2025-04-05 20:25:30","2025-04-05 20:25:30"
21,info,Consultation de l'historique des dons personnels,"{""action"":""view_personal_donation_history"",""user_id"":1}",donations,1,"119.13.69.72",https://verite-app.com/donations/my-donations,"2025-04-05 20:27:25","2025-04-05 20:27:25"
22,info,Consultation de l'historique des dons personnels,"{""action"":""view_personal_donation_history"",""user_id"":1}",donations,1,"119.13.69.72",https://verite-app.com/donations/my-donations,"2025-04-05 20:36:45","2025-04-05 20:36:45"
23,info,Consultation de l'historique des dons personnels,"{""action"":""view_personal_donation_history"",""user_id"":1}",donations,1,"119.13.69.72",https://verite-app.com/donations/my-donations,"2025-04-05 20:38:06","2025-04-05 20:38:06"
24,info,Accès à la page de confirmation de don,"{""action"":""view_donation_confirmation"",""donation_id"":""1""}",donations,1,"119.13.69.72",https://verite-app.com/donations/confirmation/1,"2025-04-05 20:38:10","2025-04-05 20:38:10"
25,info,Accès à la page de confirmation de don,"{""action"":""view_donation_confirmation"",""donation_id"":""1""}",donations,1,"119.13.69.72",https://verite-app.com/donations/confirmation/1,"2025-04-05 20:38:50","2025-04-05 20:38:50"
26,info,Consultation de l'historique des dons personnels,"{""action"":""view_personal_donation_history"",""user_id"":1}",donations,1,"119.13.69.72",https://verite-app.com/donations/my-donations,"2025-04-05 20:38:55","2025-04-05 20:38:55"
27,info,Consultation de l'historique des dons personnels,"{""action"":""view_personal_donation_history"",""user_id"":1}",donations,1,"119.13.69.72",https://verite-app.com/donations/my-donations,"2025-04-05 20:39:43","2025-04-05 20:39:43"
28,info,Consultation de l'historique des dons personnels,"{""action"":""view_personal_donation_history"",""user_id"":1}",donations,1,"119.13.69.72",https://verite-app.com/donations/my-donations,"2025-04-05 20:40:55","2025-04-05 20:40:55"
29,info,Accès à la page de confirmation de don,"{""action"":""view_donation_confirmation"",""donation_id"":""1""}",donations,1,"119.13.69.72",https://verite-app.com/donations/confirmation/1,"2025-04-05 20:41:52","2025-04-05 20:41:52"
30,info,Consultation de la liste des dons,"{""action"":""list_donations"",""user_agent"":""Mozilla\/5.0 (X11; Linux x86_64) AppleWebKit\/537.36 (KHTML, like Gecko) Chrome\/131.0.0.0 Safari\/537.36""}",donations,1,"119.13.69.72",https://verite-app.com/donations/list,"2025-04-05 20:42:02","2025-04-05 20:42:02"
31,info,Consultation de la liste des dons,"{""action"":""list_donations"",""user_agent"":""Mozilla\/5.0 (X11; Linux x86_64) AppleWebKit\/537.36 (KHTML, like Gecko) Chrome\/131.0.0.0 Safari\/537.36""}",donations,1,"119.13.69.72",https://verite-app.com/donations/list,"2025-04-05 20:45:45","2025-04-05 20:45:45"
32,info,Consultation de la liste des dons,"{""action"":""list_donations"",""user_agent"":""Mozilla\/5.0 (X11; Linux x86_64) AppleWebKit\/537.36 (KHTML, like Gecko) Chrome\/131.0.0.0 Safari\/537.36""}",donations,1,"119.13.69.72",https://verite-app.com/donations/list,"2025-04-05 20:45:52","2025-04-05 20:45:52"
33,info,Consultation de la liste des dons,"{""action"":""list_donations"",""user_agent"":""Mozilla\/5.0 (X11; Linux x86_64) AppleWebKit\/537.36 (KHTML, like Gecko) Chrome\/131.0.0.0 Safari\/537.36""}",donations,1,"119.13.69.72",https://verite-app.com/donations/list,"2025-04-05 20:46:20","2025-04-05 20:46:20"
34,info,Consultation de la liste des dons,"{""action"":""list_donations"",""user_agent"":""Mozilla\/5.0 (X11; Linux x86_64) AppleWebKit\/537.36 (KHTML, like Gecko) Chrome\/131.0.0.0 Safari\/537.36""}",donations,1,"119.13.69.72",https://verite-app.com/donations/list,"2025-04-05 20:49:10","2025-04-05 20:49:10"
35,info,Accès au formulaire de don,"{""action"":""view_donation_form"",""user_agent"":""Mozilla\/5.0 (X11; Linux x86_64) AppleWebKit\/537.36 (KHTML, like Gecko) Chrome\/131.0.0.0 Safari\/537.36""}",donations,1,"119.13.69.72",https://verite-app.com/donations,"2025-04-05 20:55:23","2025-04-05 20:55:23"
36,info,Tentative de création d'un don,"{""action"":""donation_attempt"",""amount"":""5000"",""payment_method_id"":""1"",""is_anonymous"":true,""has_message"":false}",donations,1,"119.13.69.72",https://verite-app.com/donations,"2025-04-05 20:55:49","2025-04-05 20:55:49"
37,info,Don créé avec succès,"{""action"":""donation_created"",""donation_id"":2,""amount"":""5000"",""payment_method_id"":""1"",""is_anonymous"":true,""user_id"":1}",donations,1,"119.13.69.72",https://verite-app.com/donations,"2025-04-05 20:55:49","2025-04-05 20:55:49"
38,info,Paiement initié avec succès,"{""action"":""payment_initiated"",""donation_id"":2,""transaction_id"":""621e3402-41c7-4f99-8de2-7ba3957dcb73"",""amount"":""5000"",""payment_method_id"":""1""}",payments,1,"119.13.69.72",https://verite-app.com/donations,"2025-04-05 20:55:53","2025-04-05 20:55:53"
39,info,Tentative de création d'un don,"{""action"":""donation_attempt"",""amount"":""5000"",""payment_method_id"":""1"",""is_anonymous"":true,""has_message"":false}",donations,1,"119.13.69.72",https://verite-app.com/donations,"2025-04-05 20:57:34","2025-04-05 20:57:34"
40,info,Don créé avec succès,"{""action"":""donation_created"",""donation_id"":3,""amount"":""5000"",""payment_method_id"":""1"",""is_anonymous"":true,""user_id"":1}",donations,1,"119.13.69.72",https://verite-app.com/donations,"2025-04-05 20:57:34","2025-04-05 20:57:34"
41,info,Paiement initié avec succès,"{""action"":""payment_initiated"",""donation_id"":3,""transaction_id"":""732c755e-0d51-4d0b-9ff4-0ef6c23c0c25"",""amount"":""5000"",""payment_method_id"":""1""}",payments,1,"119.13.69.72",https://verite-app.com/donations,"2025-04-05 20:57:38","2025-04-05 20:57:38"
42,info,Accès à la page de confirmation de don,"{""action"":""view_donation_confirmation"",""donation_id"":""3""}",donations,1,"119.13.69.72",https://verite-app.com/donations/confirmation/3,"2025-04-05 20:57:39","2025-04-05 20:57:39"
43,info,Consultation de la liste des dons,"{""action"":""list_donations"",""user_agent"":""Mozilla\/5.0 (X11; Linux x86_64) AppleWebKit\/537.36 (KHTML, like Gecko) Chrome\/131.0.0.0 Safari\/537.36""}",donations,1,"119.13.69.72",https://verite-app.com/donations/list,"2025-04-05 20:58:36","2025-04-05 20:58:36"
44,info,Consultation de l'historique des dons personnels,"{""action"":""view_personal_donation_history"",""user_id"":1}",donations,1,"119.13.69.72",https://verite-app.com/donations/my-donations,"2025-04-05 20:58:49","2025-04-05 20:58:49"
45,info,Accès à la page de confirmation de don,"{""action"":""view_donation_confirmation"",""donation_id"":""2""}",donations,1,"119.13.69.72",https://verite-app.com/donations/confirmation/2,"2025-04-05 20:59:07","2025-04-05 20:59:07"
46,info,Accès au formulaire de don,"{""action"":""view_donation_form"",""user_agent"":""Mozilla\/5.0 (X11; Linux x86_64) AppleWebKit\/537.36 (KHTML, like Gecko) Chrome\/131.0.0.0 Safari\/537.36""}",donations,1,"119.13.69.72",https://verite-app.com/donations,"2025-04-05 21:05:50","2025-04-05 21:05:50"
47,info,Tentative de création d'un don,"{""action"":""donation_attempt"",""amount"":""2000"",""payment_method_id"":""1"",""is_anonymous"":false,""has_message"":false}",donations,1,"119.13.69.72",https://verite-app.com/donations,"2025-04-05 21:06:33","2025-04-05 21:06:33"
48,info,Don créé avec succès,"{""action"":""donation_created"",""donation_id"":4,""amount"":""2000"",""payment_method_id"":""1"",""is_anonymous"":false,""user_id"":1}",donations,1,"119.13.69.72",https://verite-app.com/donations,"2025-04-05 21:06:33","2025-04-05 21:06:33"
49,info,Paiement initié avec succès,"{""action"":""payment_initiated"",""donation_id"":4,""transaction_id"":""5dc6e2cc-812d-4367-9fad-20584d79a282"",""amount"":""2000"",""payment_method_id"":""1""}",payments,1,"119.13.69.72",https://verite-app.com/donations,"2025-04-05 21:06:39","2025-04-05 21:06:39"
50,info,Accès à la page de confirmation de don,"{""action"":""view_donation_confirmation"",""donation_id"":""4""}",donations,1,"119.13.69.72",https://verite-app.com/donations/confirmation/4,"2025-04-05 21:06:39","2025-04-05 21:06:39"
51,info,Accès à la page de confirmation de don,"{""action"":""view_donation_confirmation"",""donation_id"":""4""}",donations,1,"119.13.69.72",https://verite-app.com/donations/confirmation/4,"2025-04-05 21:09:05","2025-04-05 21:09:05"
52,info,Vérification du statut de don,"{""action"":""donation_status_check"",""donation_id"":4,""current_status"":""pending""}",donations,1,"149.255.62.161",https://verite-app.com/donations/check-status,"2025-04-05 21:09:39","2025-04-05 21:09:39"
53,info,Vérification du statut de don,"{""action"":""donation_status_check"",""donation_id"":4,""current_status"":""pending""}",donations,1,"119.13.69.72",https://verite-app.com/donations/check-status,"2025-04-05 21:10:07","2025-04-05 21:10:07"
54,info,Vérification du statut de don,"{""action"":""donation_status_check"",""donation_id"":4,""current_status"":""pending""}",donations,1,"119.13.69.72",https://verite-app.com/donations/check-status,"2025-04-05 21:10:37","2025-04-05 21:10:37"
55,info,Statut de don mis à jour,"{""action"":""donation_status_updated"",""donation_id"":4,""old_status"":""pending"",""new_status"":""failed""}",donations,1,"119.13.69.72",https://verite-app.com/donations/check-status,"2025-04-05 21:10:37","2025-04-05 21:10:37"
56,info,Accès à la page de confirmation de don,"{""action"":""view_donation_confirmation"",""donation_id"":""4""}",donations,1,"119.13.69.72",https://verite-app.com/donations/confirmation/4,"2025-04-05 21:10:38","2025-04-05 21:10:38"
57,info,Consultation de la liste des dons,"{""action"":""list_donations"",""user_agent"":""Mozilla\/5.0 (X11; Linux x86_64) AppleWebKit\/537.36 (KHTML, like Gecko) Chrome\/131.0.0.0 Safari\/537.36""}",donations,1,"119.13.69.72",https://verite-app.com/donations/list,"2025-04-05 21:11:16","2025-04-05 21:11:16"
58,info,Consultation de l'historique des dons personnels,"{""action"":""view_personal_donation_history"",""user_id"":1}",donations,1,"129.222.206.201",https://verite-app.com/public/donations/my-donations,"2025-04-09 08:14:09","2025-04-09 08:14:09"
59,info,Accès au formulaire de don,"{""action"":""view_donation_form"",""user_agent"":""Mozilla\/5.0 (X11; Linux x86_64) AppleWebKit\/537.36 (KHTML, like Gecko) Chrome\/135.0.0.0 Safari\/537.36""}",donations,1,"129.222.206.201",https://verite-app.com/public/donations,"2025-04-09 08:14:18","2025-04-09 08:14:18"
60,info,Consultation de l'historique des dons personnels,"{""action"":""view_personal_donation_history"",""user_id"":2}",donations,2,"41.77.84.66",https://verite-app.com/donations/my-donations,"2025-04-09 12:41:40","2025-04-09 12:41:40"
61,info,Consultation de l'historique des dons personnels,"{""action"":""view_personal_donation_history"",""user_id"":2}",donations,2,"41.77.84.66",https://verite-app.com/donations/my-donations,"2025-04-09 12:42:01","2025-04-09 12:42:01"
62,info,Accès au formulaire de don,"{""action"":""view_donation_form"",""user_agent"":""Mozilla\/5.0 (Windows NT 10.0; Win64; x64) AppleWebKit\/537.36 (KHTML, like Gecko) Chrome\/133.0.0.0 Safari\/537.36 Avast\/133.0.0.0""}",donations,2,"41.77.84.66",https://verite-app.com/donations,"2025-04-09 12:42:03","2025-04-09 12:42:03"
63,info,Tentative de création d'un don,"{""action"":""donation_attempt"",""amount"":""1000"",""payment_method_id"":""1"",""is_anonymous"":false,""has_message"":false}",donations,2,"41.77.84.66",https://verite-app.com/donations,"2025-04-09 12:42:39","2025-04-09 12:42:39"
64,info,Don créé avec succès,"{""action"":""donation_created"",""donation_id"":5,""amount"":""1000"",""payment_method_id"":""1"",""is_anonymous"":false,""user_id"":2}",donations,2,"41.77.84.66",https://verite-app.com/donations,"2025-04-09 12:42:39","2025-04-09 12:42:39"
65,info,Paiement initié avec succès,"{""action"":""payment_initiated"",""donation_id"":5,""transaction_id"":""9e58a6bd-7544-4fc2-9637-6757426901e7"",""amount"":""1000"",""payment_method_id"":""1""}",payments,2,"41.77.84.66",https://verite-app.com/donations,"2025-04-09 12:42:44","2025-04-09 12:42:44"
66,info,Accès à la page de confirmation de don,"{""action"":""view_donation_confirmation"",""donation_id"":""5""}",donations,2,"41.77.84.66",https://verite-app.com/donations/confirmation/5,"2025-04-09 12:42:44","2025-04-09 12:42:44"
67,info,Vérification du statut de don,"{""action"":""donation_status_check"",""donation_id"":5,""current_status"":""pending""}",donations,2,"41.77.84.66",https://verite-app.com/donations/check-status,"2025-04-09 12:43:16","2025-04-09 12:43:16"
68,info,Statut de don mis à jour,"{""action"":""donation_status_updated"",""donation_id"":5,""old_status"":""pending"",""new_status"":""completed""}",donations,2,"41.77.84.66",https://verite-app.com/donations/check-status,"2025-04-09 12:43:16","2025-04-09 12:43:16"
69,info,Accès à la page de confirmation de don,"{""action"":""view_donation_confirmation"",""donation_id"":""5""}",donations,2,"41.77.84.66",https://verite-app.com/donations/confirmation/5,"2025-04-09 12:43:16","2025-04-09 12:43:16"
70,info,Consultation de la liste des dons,"{""action"":""list_donations"",""user_agent"":""Mozilla\/5.0 (Windows NT 10.0; Win64; x64) AppleWebKit\/537.36 (KHTML, like Gecko) Chrome\/133.0.0.0 Safari\/537.36 Avast\/133.0.0.0""}",donations,2,"41.77.84.66",https://verite-app.com/donations/list,"2025-04-09 12:43:21","2025-04-09 12:43:21"
71,info,Accès au formulaire de don,"{""action"":""view_donation_form"",""user_agent"":""Mozilla\/5.0 (Windows NT 10.0; Win64; x64) AppleWebKit\/537.36 (KHTML, like Gecko) Chrome\/133.0.0.0 Safari\/537.36 Avast\/133.0.0.0""}",donations,2,"41.77.84.66",https://verite-app.com/donations,"2025-04-09 13:00:38","2025-04-09 13:00:38"
72,info,Tentative de création d'un don,"{""action"":""donation_attempt"",""amount"":""500"",""payment_method_id"":""1"",""is_anonymous"":false,""has_message"":false}",donations,2,"41.77.84.66",https://verite-app.com/donations,"2025-04-09 13:01:06","2025-04-09 13:01:06"
73,info,Don créé avec succès,"{""action"":""donation_created"",""donation_id"":6,""amount"":""500"",""payment_method_id"":""1"",""is_anonymous"":false,""user_id"":2}",donations,2,"41.77.84.66",https://verite-app.com/donations,"2025-04-09 13:01:07","2025-04-09 13:01:07"
74,info,Tentative de création d'un don,"{""action"":""donation_attempt"",""amount"":""500"",""payment_method_id"":""1"",""is_anonymous"":false,""has_message"":false}",donations,2,"41.77.84.66",https://verite-app.com/donations,"2025-04-09 13:01:08","2025-04-09 13:01:08"
75,info,Don créé avec succès,"{""action"":""donation_created"",""donation_id"":7,""amount"":""500"",""payment_method_id"":""1"",""is_anonymous"":false,""user_id"":2}",donations,2,"41.77.84.66",https://verite-app.com/donations,"2025-04-09 13:01:08","2025-04-09 13:01:08"
76,info,Paiement initié avec succès,"{""action"":""payment_initiated"",""donation_id"":6,""transaction_id"":""d9642475-909d-4d6c-b7e8-b8796e06436b"",""amount"":""500"",""payment_method_id"":""1""}",payments,2,"41.77.84.66",https://verite-app.com/donations,"2025-04-09 13:01:11","2025-04-09 13:01:11"
77,info,Paiement initié avec succès,"{""action"":""payment_initiated"",""donation_id"":7,""transaction_id"":""f614015d-ee2a-49cd-8cb4-8744bf003033"",""amount"":""500"",""payment_method_id"":""1""}",payments,2,"41.77.84.66",https://verite-app.com/donations,"2025-04-09 13:01:13","2025-04-09 13:01:13"
78,info,Accès à la page de confirmation de don,"{""action"":""view_donation_confirmation"",""donation_id"":""7""}",donations,2,"41.77.84.66",https://verite-app.com/donations/confirmation/7,"2025-04-09 13:01:13","2025-04-09 13:01:13"
79,info,Tentative de création d'un don,"{""action"":""donation_attempt"",""amount"":""500"",""payment_method_id"":""1"",""is_anonymous"":false,""has_message"":true}",donations,2,"41.77.84.66",https://verite-app.com/donations,"2025-04-09 13:02:06","2025-04-09 13:02:06"
80,info,Don créé avec succès,"{""action"":""donation_created"",""donation_id"":8,""amount"":""500"",""payment_method_id"":""1"",""is_anonymous"":false,""user_id"":2}",donations,2,"41.77.84.66",https://verite-app.com/donations,"2025-04-09 13:02:06","2025-04-09 13:02:06"
81,info,Paiement initié avec succès,"{""action"":""payment_initiated"",""donation_id"":8,""transaction_id"":""96a6bc03-6ed7-4806-9ce7-38ca46fff79b"",""amount"":""500"",""payment_method_id"":""1""}",payments,2,"41.77.84.66",https://verite-app.com/donations,"2025-04-09 13:02:11","2025-04-09 13:02:11"
82,info,Accès à la page de confirmation de don,"{""action"":""view_donation_confirmation"",""donation_id"":""8""}",donations,2,"41.77.84.66",https://verite-app.com/donations/confirmation/8,"2025-04-09 13:02:11","2025-04-09 13:02:11"
83,info,Tentative de création d'un don,"{""action"":""donation_attempt"",""amount"":""500"",""payment_method_id"":""1"",""is_anonymous"":false,""has_message"":true}",donations,2,"41.77.84.66",https://verite-app.com/donations,"2025-04-09 13:02:12","2025-04-09 13:02:12"
84,info,Don créé avec succès,"{""action"":""donation_created"",""donation_id"":9,""amount"":""500"",""payment_method_id"":""1"",""is_anonymous"":false,""user_id"":2}",donations,2,"41.77.84.66",https://verite-app.com/donations,"2025-04-09 13:02:12","2025-04-09 13:02:12"
85,info,Paiement initié avec succès,"{""action"":""payment_initiated"",""donation_id"":9,""transaction_id"":""3681adde-466b-4b70-b58a-9f3b84ea2f77"",""amount"":""500"",""payment_method_id"":""1""}",payments,2,"41.77.84.66",https://verite-app.com/donations,"2025-04-09 13:02:18","2025-04-09 13:02:18"
86,info,Accès à la page de confirmation de don,"{""action"":""view_donation_confirmation"",""donation_id"":""9""}",donations,2,"41.77.84.66",https://verite-app.com/donations/confirmation/9,"2025-04-09 13:02:18","2025-04-09 13:02:18"
87,info,Accès au formulaire de don,"{""action"":""view_donation_form"",""user_agent"":""Mozilla\/5.0 (Windows NT 10.0; Win64; x64) AppleWebKit\/537.36 (KHTML, like Gecko) Chrome\/133.0.0.0 Safari\/537.36 Avast\/133.0.0.0""}",donations,2,"41.77.84.66",https://verite-app.com/donations,"2025-04-09 13:02:31","2025-04-09 13:02:31"
88,info,Tentative de création d'un don,"{""action"":""donation_attempt"",""amount"":""1000"",""payment_method_id"":""1"",""is_anonymous"":false,""has_message"":true}",donations,2,"41.77.84.66",https://verite-app.com/donations,"2025-04-09 13:02:46","2025-04-09 13:02:46"
89,info,Don créé avec succès,"{""action"":""donation_created"",""donation_id"":10,""amount"":""1000"",""payment_method_id"":""1"",""is_anonymous"":false,""user_id"":2}",donations,2,"41.77.84.66",https://verite-app.com/donations,"2025-04-09 13:02:46","2025-04-09 13:02:46"
90,info,Paiement initié avec succès,"{""action"":""payment_initiated"",""donation_id"":10,""transaction_id"":""4b0e4767-a257-4e6c-988c-7671f9213c41"",""amount"":""1000"",""payment_method_id"":""1""}",payments,2,"41.77.84.66",https://verite-app.com/donations,"2025-04-09 13:02:50","2025-04-09 13:02:50"
91,info,Accès à la page de confirmation de don,"{""action"":""view_donation_confirmation"",""donation_id"":""10""}",donations,2,"41.77.84.66",https://verite-app.com/donations/confirmation/10,"2025-04-09 13:02:50","2025-04-09 13:02:50"
92,info,Consultation de la liste des dons,"{""action"":""list_donations"",""user_agent"":""Mozilla\/5.0 (Windows NT 10.0; Win64; x64) AppleWebKit\/537.36 (KHTML, like Gecko) Chrome\/133.0.0.0 Safari\/537.36 Avast\/133.0.0.0""}",donations,2,"41.77.84.66",https://verite-app.com/donations/list,"2025-04-09 13:08:34","2025-04-09 13:08:34"
93,info,Tentative de suppression d'un don,"{""action"":""donation_deletion_attempt"",""donation_id"":10,""user_id"":2,""donation_amount"":""1000.00"",""donation_status"":""failed""}",donations,2,"41.77.84.66",https://verite-app.com/donations/10,"2025-04-09 13:08:45","2025-04-09 13:08:45"
94,info,Don supprimé avec succès,"{""action"":""donation_deleted"",""donation_id"":10,""deleted_by"":2}",donations,2,"41.77.84.66",https://verite-app.com/donations/10,"2025-04-09 13:08:45","2025-04-09 13:08:45"
95,info,Consultation de la liste des dons,"{""action"":""list_donations"",""user_agent"":""Mozilla\/5.0 (Windows NT 10.0; Win64; x64) AppleWebKit\/537.36 (KHTML, like Gecko) Chrome\/133.0.0.0 Safari\/537.36 Avast\/133.0.0.0""}",donations,2,"41.77.84.66",https://verite-app.com/donations/list,"2025-04-09 13:08:45","2025-04-09 13:08:45"
96,info,Accès au formulaire de don,"{""action"":""view_donation_form"",""user_agent"":""Mozilla\/5.0 (Windows NT 10.0; Win64; x64) AppleWebKit\/537.36 (KHTML, like Gecko) Chrome\/133.0.0.0 Safari\/537.36 Avast\/133.0.0.0""}",donations,2,"41.77.84.66",https://verite-app.com/donations,"2025-04-09 13:09:22","2025-04-09 13:09:22"
97,info,Tentative de création d'un don,"{""action"":""donation_attempt"",""amount"":""1000"",""payment_method_id"":""1"",""is_anonymous"":false,""has_message"":false}",donations,2,"41.77.84.66",https://verite-app.com/donations,"2025-04-09 13:09:49","2025-04-09 13:09:49"
98,info,Don créé avec succès,"{""action"":""donation_created"",""donation_id"":11,""amount"":""1000"",""payment_method_id"":""1"",""is_anonymous"":false,""user_id"":2}",donations,2,"41.77.84.66",https://verite-app.com/donations,"2025-04-09 13:09:50","2025-04-09 13:09:50"
99,info,Paiement initié avec succès,"{""action"":""payment_initiated"",""donation_id"":11,""transaction_id"":""c6422db0-97d1-4958-84b0-ef6bfa785a02"",""amount"":""1000"",""payment_method_id"":""1""}",payments,2,"41.77.84.66",https://verite-app.com/donations,"2025-04-09 13:09:55","2025-04-09 13:09:55"
100,info,Accès à la page de confirmation de don,"{""action"":""view_donation_confirmation"",""donation_id"":""11""}",donations,2,"41.77.84.66",https://verite-app.com/donations/confirmation/11,"2025-04-09 13:09:56","2025-04-09 13:09:56"
101,info,Accès au formulaire de don,"{""action"":""view_donation_form"",""user_agent"":""Mozilla\/5.0 (Windows NT 10.0; Win64; x64) AppleWebKit\/537.36 (KHTML, like Gecko) Chrome\/133.0.0.0 Safari\/537.36 Avast\/133.0.0.0""}",donations,2,"41.77.84.66",https://verite-app.com/donations,"2025-04-09 13:10:17","2025-04-09 13:10:17"
102,info,Tentative de création d'un don,"{""action"":""donation_attempt"",""amount"":""500"",""payment_method_id"":""1"",""is_anonymous"":true,""has_message"":false}",donations,2,"41.77.84.66",https://verite-app.com/donations,"2025-04-09 13:10:51","2025-04-09 13:10:51"
103,info,Don créé avec succès,"{""action"":""donation_created"",""donation_id"":12,""amount"":""500"",""payment_method_id"":""1"",""is_anonymous"":true,""user_id"":2}",donations,2,"41.77.84.66",https://verite-app.com/donations,"2025-04-09 13:10:51","2025-04-09 13:10:51"
104,info,Paiement initié avec succès,"{""action"":""payment_initiated"",""donation_id"":12,""transaction_id"":""92d5581e-d205-4e08-9a6e-f7bd2f2f41c3"",""amount"":""500"",""payment_method_id"":""1""}",payments,2,"41.77.84.66",https://verite-app.com/donations,"2025-04-09 13:10:56","2025-04-09 13:10:56"
105,info,Accès à la page de confirmation de don,"{""action"":""view_donation_confirmation"",""donation_id"":""12""}",donations,2,"41.77.84.66",https://verite-app.com/donations/confirmation/12,"2025-04-09 13:10:57","2025-04-09 13:10:57"
106,info,Vérification du statut de don,"{""action"":""donation_status_check"",""donation_id"":12,""current_status"":""pending""}",donations,2,"41.77.84.66",https://verite-app.com/donations/check-status,"2025-04-09 13:11:30","2025-04-09 13:11:30"
107,info,Vérification du statut de don,"{""action"":""donation_status_check"",""donation_id"":12,""current_status"":""pending""}",donations,2,"41.77.84.66",https://verite-app.com/donations/check-status,"2025-04-09 13:12:01","2025-04-09 13:12:01"
108,info,Statut de don mis à jour,"{""action"":""donation_status_updated"",""donation_id"":12,""old_status"":""pending"",""new_status"":""completed""}",donations,2,"41.77.84.66",https://verite-app.com/donations/check-status,"2025-04-09 13:12:02","2025-04-09 13:12:02"
109,info,Accès à la page de confirmation de don,"{""action"":""view_donation_confirmation"",""donation_id"":""12""}",donations,2,"41.77.84.66",https://verite-app.com/donations/confirmation/12,"2025-04-09 13:12:02","2025-04-09 13:12:02"
110,info,Accès au formulaire de don,"{""action"":""view_donation_form"",""user_agent"":""Mozilla\/5.0 (Windows NT 10.0; Win64; x64) AppleWebKit\/537.36 (KHTML, like Gecko) Chrome\/133.0.0.0 Safari\/537.36 Avast\/133.0.0.0""}",donations,2,"41.77.84.66",https://verite-app.com/donations,"2025-04-09 13:22:07","2025-04-09 13:22:07"
111,info,Consultation de la liste des dons,"{""action"":""list_donations"",""user_agent"":""Mozilla\/5.0 (Macintosh; Intel Mac OS X 10_15_7) AppleWebKit\/537.36 (KHTML, like Gecko) Chrome\/135.0.0.0 Safari\/537.36""}",donations,1,"154.72.162.40",https://verite-app.com/donations/list,"2025-04-10 09:27:41","2025-04-10 09:27:41"
112,info,Consultation de l'historique des dons personnels,"{""action"":""view_personal_donation_history"",""user_id"":1}",donations,1,"154.72.162.40",https://verite-app.com/donations/my-donations,"2025-04-10 09:27:49","2025-04-10 09:27:49"
113,info,Consultation de l'historique des dons personnels,"{""action"":""view_personal_donation_history"",""user_id"":1}",donations,1,"154.72.162.40",https://verite-app.com/donations/my-donations,"2025-04-10 09:28:06","2025-04-10 09:28:06"
114,info,Accès à la page de confirmation de don,"{""action"":""view_donation_confirmation"",""donation_id"":""12""}",donations,35,"185.21.13.25",https://verite-app.com/donations/confirmation/12,"2025-04-10 10:00:36","2025-04-10 10:00:36"
115,warning,Tentative d'accès non autorisé à un don,"{""action"":""unauthorized_donation_access"",""donation_id"":""12"",""attempted_user_id"":35,""donation_owner_id"":2}",security,35,"185.21.13.25",https://verite-app.com/donations/confirmation/12,"2025-04-10 10:00:36","2025-04-10 10:00:36"
116,info,Accès au formulaire de don,"{""action"":""view_donation_form"",""user_agent"":""Mozilla\/5.0 (Macintosh; Intel Mac OS X 10_15_7) AppleWebKit\/537.36 (KHTML, like Gecko) Chrome\/133.0.0.0 Safari\/537.36""}",donations,35,"185.21.13.25",https://verite-app.com/donations,"2025-04-10 10:00:36","2025-04-10 10:00:36"
117,info,Accès à la page de confirmation de don,"{""action"":""view_donation_confirmation"",""donation_id"":""5""}",donations,35,"185.21.13.25",https://verite-app.com/donations/confirmation/5,"2025-04-10 10:00:37","2025-04-10 10:00:37"
118,warning,Tentative d'accès non autorisé à un don,"{""action"":""unauthorized_donation_access"",""donation_id"":""5"",""attempted_user_id"":35,""donation_owner_id"":2}",security,35,"185.21.13.25",https://verite-app.com/donations/confirmation/5,"2025-04-10 10:00:37","2025-04-10 10:00:37"
119,info,Accès au formulaire de don,"{""action"":""view_donation_form"",""user_agent"":""Mozilla\/5.0 (Macintosh; Intel Mac OS X 10_15_7) AppleWebKit\/537.36 (KHTML, like Gecko) Chrome\/133.0.0.0 Safari\/537.36""}",donations,35,"185.21.13.25",https://verite-app.com/donations,"2025-04-10 10:00:37","2025-04-10 10:00:37"
120,info,Accès à la page de confirmation de don,"{""action"":""view_donation_confirmation"",""donation_id"":""12""}",donations,36,"212.34.135.52",https://verite-app.com/donations/confirmation/12,"2025-04-10 19:44:57","2025-04-10 19:44:57"
121,warning,Tentative d'accès non autorisé à un don,"{""action"":""unauthorized_donation_access"",""donation_id"":""12"",""attempted_user_id"":36,""donation_owner_id"":2}",security,36,"212.34.135.52",https://verite-app.com/donations/confirmation/12,"2025-04-10 19:44:57","2025-04-10 19:44:57"
122,info,Accès au formulaire de don,"{""action"":""view_donation_form"",""user_agent"":""Mozilla\/5.0 (Macintosh; Intel Mac OS X 10_15_7) AppleWebKit\/537.36 (KHTML, like Gecko) Chrome\/133.0.0.0 Safari\/537.36""}",donations,36,"212.34.135.52",https://verite-app.com/donations,"2025-04-10 19:44:57","2025-04-10 19:44:57"
123,info,Accès à la page de confirmation de don,"{""action"":""view_donation_confirmation"",""donation_id"":""5""}",donations,36,"212.34.135.52",https://verite-app.com/donations/confirmation/5,"2025-04-10 19:44:57","2025-04-10 19:44:57"
124,warning,Tentative d'accès non autorisé à un don,"{""action"":""unauthorized_donation_access"",""donation_id"":""5"",""attempted_user_id"":36,""donation_owner_id"":2}",security,36,"212.34.135.52",https://verite-app.com/donations/confirmation/5,"2025-04-10 19:44:57","2025-04-10 19:44:57"
125,info,Accès au formulaire de don,"{""action"":""view_donation_form"",""user_agent"":""Mozilla\/5.0 (Macintosh; Intel Mac OS X 10_15_7) AppleWebKit\/537.36 (KHTML, like Gecko) Chrome\/133.0.0.0 Safari\/537.36""}",donations,36,"212.34.135.52",https://verite-app.com/donations,"2025-04-10 19:44:57","2025-04-10 19:44:57"
126,info,Accès à la page de confirmation de don,"{""action"":""view_donation_confirmation"",""donation_id"":""12""}",donations,37,"5.35.69.6",https://verite-app.com/donations/confirmation/12,"2025-04-12 13:53:29","2025-04-12 13:53:29"
127,warning,Tentative d'accès non autorisé à un don,"{""action"":""unauthorized_donation_access"",""donation_id"":""12"",""attempted_user_id"":37,""donation_owner_id"":2}",security,37,"5.35.69.6",https://verite-app.com/donations/confirmation/12,"2025-04-12 13:53:29","2025-04-12 13:53:29"
128,info,Accès au formulaire de don,"{""action"":""view_donation_form"",""user_agent"":""Mozilla\/5.0 (Macintosh; Intel Mac OS X 10_15_7) AppleWebKit\/537.36 (KHTML, like Gecko) Chrome\/133.0.0.0 Safari\/537.36""}",donations,37,"5.35.69.6",https://verite-app.com/donations,"2025-04-12 13:53:30","2025-04-12 13:53:30"
129,info,Accès à la page de confirmation de don,"{""action"":""view_donation_confirmation"",""donation_id"":""5""}",donations,37,"5.35.69.6",https://verite-app.com/donations/confirmation/5,"2025-04-12 13:53:30","2025-04-12 13:53:30"
130,warning,Tentative d'accès non autorisé à un don,"{""action"":""unauthorized_donation_access"",""donation_id"":""5"",""attempted_user_id"":37,""donation_owner_id"":2}",security,37,"5.35.69.6",https://verite-app.com/donations/confirmation/5,"2025-04-12 13:53:30","2025-04-12 13:53:30"
131,info,Accès au formulaire de don,"{""action"":""view_donation_form"",""user_agent"":""Mozilla\/5.0 (Macintosh; Intel Mac OS X 10_15_7) AppleWebKit\/537.36 (KHTML, like Gecko) Chrome\/133.0.0.0 Safari\/537.36""}",donations,37,"5.35.69.6",https://verite-app.com/donations,"2025-04-12 13:53:31","2025-04-12 13:53:31"
132,info,Accès à la page de confirmation de don,"{""action"":""view_donation_confirmation"",""donation_id"":""12""}",donations,38,"80.85.247.231",https://verite-app.com/donations/confirmation/12,"2025-04-12 15:01:03","2025-04-12 15:01:03"
133,warning,Tentative d'accès non autorisé à un don,"{""action"":""unauthorized_donation_access"",""donation_id"":""12"",""attempted_user_id"":38,""donation_owner_id"":2}",security,38,"80.85.247.231",https://verite-app.com/donations/confirmation/12,"2025-04-12 15:01:03","2025-04-12 15:01:03"
134,info,Accès au formulaire de don,"{""action"":""view_donation_form"",""user_agent"":""Mozilla\/5.0 (Macintosh; Intel Mac OS X 10_15_7) AppleWebKit\/537.36 (KHTML, like Gecko) Chrome\/133.0.0.0 Safari\/537.36""}",donations,38,"80.85.247.231",https://verite-app.com/donations,"2025-04-12 15:01:04","2025-04-12 15:01:04"
135,info,Accès à la page de confirmation de don,"{""action"":""view_donation_confirmation"",""donation_id"":""5""}",donations,38,"80.85.247.231",https://verite-app.com/donations/confirmation/5,"2025-04-12 15:01:04","2025-04-12 15:01:04"
136,warning,Tentative d'accès non autorisé à un don,"{""action"":""unauthorized_donation_access"",""donation_id"":""5"",""attempted_user_id"":38,""donation_owner_id"":2}",security,38,"80.85.247.231",https://verite-app.com/donations/confirmation/5,"2025-04-12 15:01:04","2025-04-12 15:01:04"
137,info,Accès au formulaire de don,"{""action"":""view_donation_form"",""user_agent"":""Mozilla\/5.0 (Macintosh; Intel Mac OS X 10_15_7) AppleWebKit\/537.36 (KHTML, like Gecko) Chrome\/133.0.0.0 Safari\/537.36""}",donations,38,"80.85.247.231",https://verite-app.com/donations,"2025-04-12 15:01:04","2025-04-12 15:01:04"
138,info,Accès à la page de confirmation de don,"{""action"":""view_donation_confirmation"",""donation_id"":""12""}",donations,39,"80.85.246.140",https://verite-app.com/donations/confirmation/12,"2025-04-13 09:43:28","2025-04-13 09:43:28"
139,warning,Tentative d'accès non autorisé à un don,"{""action"":""unauthorized_donation_access"",""donation_id"":""12"",""attempted_user_id"":39,""donation_owner_id"":2}",security,39,"80.85.246.140",https://verite-app.com/donations/confirmation/12,"2025-04-13 09:43:28","2025-04-13 09:43:28"
140,info,Accès au formulaire de don,"{""action"":""view_donation_form"",""user_agent"":""Mozilla\/5.0 (Macintosh; Intel Mac OS X 10_15_7) AppleWebKit\/537.36 (KHTML, like Gecko) Chrome\/133.0.0.0 Safari\/537.36""}",donations,39,"80.85.246.140",https://verite-app.com/donations,"2025-04-13 09:43:28","2025-04-13 09:43:28"
141,info,Accès à la page de confirmation de don,"{""action"":""view_donation_confirmation"",""donation_id"":""5""}",donations,39,"80.85.246.140",https://verite-app.com/donations/confirmation/5,"2025-04-13 09:43:28","2025-04-13 09:43:28"
142,warning,Tentative d'accès non autorisé à un don,"{""action"":""unauthorized_donation_access"",""donation_id"":""5"",""attempted_user_id"":39,""donation_owner_id"":2}",security,39,"80.85.246.140",https://verite-app.com/donations/confirmation/5,"2025-04-13 09:43:28","2025-04-13 09:43:28"
143,info,Accès au formulaire de don,"{""action"":""view_donation_form"",""user_agent"":""Mozilla\/5.0 (Macintosh; Intel Mac OS X 10_15_7) AppleWebKit\/537.36 (KHTML, like Gecko) Chrome\/133.0.0.0 Safari\/537.36""}",donations,39,"80.85.246.140",https://verite-app.com/donations,"2025-04-13 09:43:28","2025-04-13 09:43:28"
144,info,Accès au formulaire de don,"{""action"":""view_donation_form"",""user_agent"":""Mozilla\/5.0 (Windows NT 10.0; Win64; x64) AppleWebKit\/537.36 (KHTML, like Gecko) Chrome\/133.0.0.0 Safari\/537.36""}",donations,2,"102.244.43.213",https://verite-app.com/donations,"2025-04-13 16:26:36","2025-04-13 16:26:36"
145,info,Accès au formulaire de don,"{""action"":""view_donation_form"",""user_agent"":""Mozilla\/5.0 (Windows NT 10.0; Win64; x64) AppleWebKit\/537.36 (KHTML, like Gecko) Chrome\/133.0.0.0 Safari\/537.36""}",donations,2,"102.244.43.213",https://verite-app.com/donations,"2025-04-13 17:04:14","2025-04-13 17:04:14"
146,info,Tentative de création d'un don,"{""action"":""donation_attempt"",""amount"":""1000"",""payment_method_id"":""1"",""is_anonymous"":true,""has_message"":false}",donations,2,"102.244.43.213",https://verite-app.com/donations,"2025-04-13 17:05:36","2025-04-13 17:05:36"
147,info,Don créé avec succès,"{""action"":""donation_created"",""donation_id"":13,""amount"":""1000"",""payment_method_id"":""1"",""is_anonymous"":true,""user_id"":2}",donations,2,"102.244.43.213",https://verite-app.com/donations,"2025-04-13 17:05:36","2025-04-13 17:05:36"
148,info,Paiement initié avec succès,"{""action"":""payment_initiated"",""donation_id"":13,""transaction_id"":""70d7e5fb-b1a4-4f14-8bc3-c4aee8a8a66c"",""amount"":""1000"",""payment_method_id"":""1""}",payments,2,"102.244.43.213",https://verite-app.com/donations,"2025-04-13 17:05:42","2025-04-13 17:05:42"
149,info,Accès à la page de confirmation de don,"{""action"":""view_donation_confirmation"",""donation_id"":""13""}",donations,2,"102.244.43.213",https://verite-app.com/donations/confirmation/13,"2025-04-13 17:05:42","2025-04-13 17:05:42"
150,info,Vérification du statut de don,"{""action"":""donation_status_check"",""donation_id"":13,""current_status"":""pending""}",donations,2,"102.244.43.213",https://verite-app.com/donations/check-status,"2025-04-13 17:06:15","2025-04-13 17:06:15"
151,info,Vérification du statut de don,"{""action"":""donation_status_check"",""donation_id"":13,""current_status"":""pending""}",donations,2,"102.244.43.213",https://verite-app.com/donations/check-status,"2025-04-13 17:06:44","2025-04-13 17:06:44"
152,info,Vérification du statut de don,"{""action"":""donation_status_check"",""donation_id"":13,""current_status"":""pending""}",donations,2,"102.244.43.213",https://verite-app.com/donations/check-status,"2025-04-13 17:07:14","2025-04-13 17:07:14"
153,info,Vérification du statut de don,"{""action"":""donation_status_check"",""donation_id"":13,""current_status"":""pending""}",donations,2,"102.244.43.213",https://verite-app.com/donations/check-status,"2025-04-13 17:07:44","2025-04-13 17:07:44"
154,info,Vérification du statut de don,"{""action"":""donation_status_check"",""donation_id"":13,""current_status"":""pending""}",donations,2,"102.244.43.213",https://verite-app.com/donations/check-status,"2025-04-13 17:08:14","2025-04-13 17:08:14"
155,info,Vérification du statut de don,"{""action"":""donation_status_check"",""donation_id"":13,""current_status"":""pending""}",donations,2,"102.244.43.213",https://verite-app.com/donations/check-status,"2025-04-13 17:09:16","2025-04-13 17:09:16"
156,info,Vérification du statut de don,"{""action"":""donation_status_check"",""donation_id"":13,""current_status"":""pending""}",donations,2,"102.244.43.213",https://verite-app.com/donations/check-status,"2025-04-13 17:09:45","2025-04-13 17:09:45"
157,info,Vérification du statut de don,"{""action"":""donation_status_check"",""donation_id"":13,""current_status"":""pending""}",donations,2,"102.244.43.213",https://verite-app.com/donations/check-status,"2025-04-13 17:10:14","2025-04-13 17:10:14"
158,info,Vérification du statut de don,"{""action"":""donation_status_check"",""donation_id"":13,""current_status"":""pending""}",donations,2,"102.244.43.213",https://verite-app.com/donations/check-status,"2025-04-13 17:11:15","2025-04-13 17:11:15"
159,info,Vérification du statut de don,"{""action"":""donation_status_check"",""donation_id"":13,""current_status"":""pending""}",donations,2,"102.244.43.213",https://verite-app.com/donations/check-status,"2025-04-13 17:11:44","2025-04-13 17:11:44"
160,info,Vérification du statut de don,"{""action"":""donation_status_check"",""donation_id"":13,""current_status"":""pending""}",donations,2,"102.244.43.213",https://verite-app.com/donations/check-status,"2025-04-13 17:12:14","2025-04-13 17:12:14"
161,info,Consultation de la liste des dons,"{""action"":""list_donations"",""user_agent"":""Mozilla\/5.0 (Windows NT 10.0; Win64; x64) AppleWebKit\/537.36 (KHTML, like Gecko) Chrome\/133.0.0.0 Safari\/537.36""}",donations,2,"102.244.43.213",https://verite-app.com/donations/list,"2025-04-13 17:12:19","2025-04-13 17:12:19"
162,info,Accès à la page de confirmation de don,"{""action"":""view_donation_confirmation"",""donation_id"":""12""}",donations,40,"80.85.246.74",https://verite-app.com/donations/confirmation/12,"2025-04-16 07:24:17","2025-04-16 07:24:17"
163,warning,Tentative d'accès non autorisé à un don,"{""action"":""unauthorized_donation_access"",""donation_id"":""12"",""attempted_user_id"":40,""donation_owner_id"":2}",security,40,"80.85.246.74",https://verite-app.com/donations/confirmation/12,"2025-04-16 07:24:17","2025-04-16 07:24:17"
164,info,Accès au formulaire de don,"{""action"":""view_donation_form"",""user_agent"":""Mozilla\/5.0 (Macintosh; Intel Mac OS X 10_15_7) AppleWebKit\/537.36 (KHTML, like Gecko) Chrome\/133.0.0.0 Safari\/537.36""}",donations,40,"80.85.246.74",https://verite-app.com/donations,"2025-04-16 07:24:17","2025-04-16 07:24:17"
165,info,Accès à la page de confirmation de don,"{""action"":""view_donation_confirmation"",""donation_id"":""5""}",donations,40,"80.85.246.74",https://verite-app.com/donations/confirmation/5,"2025-04-16 07:24:18","2025-04-16 07:24:18"
166,warning,Tentative d'accès non autorisé à un don,"{""action"":""unauthorized_donation_access"",""donation_id"":""5"",""attempted_user_id"":40,""donation_owner_id"":2}",security,40,"80.85.246.74",https://verite-app.com/donations/confirmation/5,"2025-04-16 07:24:18","2025-04-16 07:24:18"
167,info,Accès au formulaire de don,"{""action"":""view_donation_form"",""user_agent"":""Mozilla\/5.0 (Macintosh; Intel Mac OS X 10_15_7) AppleWebKit\/537.36 (KHTML, like Gecko) Chrome\/133.0.0.0 Safari\/537.36""}",donations,40,"80.85.246.74",https://verite-app.com/donations,"2025-04-16 07:24:18","2025-04-16 07:24:18"
168,info,Tentative de création d'un don,"{""action"":""donation_attempt"",""amount"":null,""payment_method_id"":null,""is_anonymous"":false,""has_message"":false}",donations,,"196.251.70.5",https://verite-app.com,"2025-04-18 06:13:49","2025-04-18 06:13:49"
169,info,Accès à la page de confirmation de don,"{""action"":""view_donation_confirmation"",""donation_id"":""12""}",donations,43,"5.35.69.6",https://verite-app.com/donations/confirmation/12,"2025-04-19 22:22:50","2025-04-19 22:22:50"
170,warning,Tentative d'accès non autorisé à un don,"{""action"":""unauthorized_donation_access"",""donation_id"":""12"",""attempted_user_id"":43,""donation_owner_id"":2}",security,43,"5.35.69.6",https://verite-app.com/donations/confirmation/12,"2025-04-19 22:22:50","2025-04-19 22:22:50"
171,info,Accès au formulaire de don,"{""action"":""view_donation_form"",""user_agent"":""Mozilla\/5.0 (Macintosh; Intel Mac OS X 10_15_7) AppleWebKit\/537.36 (KHTML, like Gecko) Chrome\/133.0.0.0 Safari\/537.36""}",donations,43,"5.35.69.6",https://verite-app.com/donations,"2025-04-19 22:22:52","2025-04-19 22:22:52"
172,info,Accès à la page de confirmation de don,"{""action"":""view_donation_confirmation"",""donation_id"":""5""}",donations,43,"5.35.69.6",https://verite-app.com/donations/confirmation/5,"2025-04-19 22:22:57","2025-04-19 22:22:57"
173,warning,Tentative d'accès non autorisé à un don,"{""action"":""unauthorized_donation_access"",""donation_id"":""5"",""attempted_user_id"":43,""donation_owner_id"":2}",security,43,"5.35.69.6",https://verite-app.com/donations/confirmation/5,"2025-04-19 22:22:58","2025-04-19 22:22:58"
174,info,Accès au formulaire de don,"{""action"":""view_donation_form"",""user_agent"":""Mozilla\/5.0 (Macintosh; Intel Mac OS X 10_15_7) AppleWebKit\/537.36 (KHTML, like Gecko) Chrome\/133.0.0.0 Safari\/537.36""}",donations,43,"5.35.69.6",https://verite-app.com/donations,"2025-04-19 22:23:01","2025-04-19 22:23:01"
175,info,Accès à la page de confirmation de don,"{""action"":""view_donation_confirmation"",""donation_id"":""12""}",donations,44,"195.2.81.242",https://verite-app.com/donations/confirmation/12,"2025-04-21 02:28:04","2025-04-21 02:28:04"
176,warning,Tentative d'accès non autorisé à un don,"{""action"":""unauthorized_donation_access"",""donation_id"":""12"",""attempted_user_id"":44,""donation_owner_id"":2}",security,44,"195.2.81.242",https://verite-app.com/donations/confirmation/12,"2025-04-21 02:28:04","2025-04-21 02:28:04"
177,info,Accès au formulaire de don,"{""action"":""view_donation_form"",""user_agent"":""Mozilla\/5.0 (Macintosh; Intel Mac OS X 10_15_7) AppleWebKit\/537.36 (KHTML, like Gecko) Chrome\/133.0.0.0 Safari\/537.36""}",donations,44,"195.2.81.242",https://verite-app.com/donations,"2025-04-21 02:28:04","2025-04-21 02:28:04"
178,info,Accès à la page de confirmation de don,"{""action"":""view_donation_confirmation"",""donation_id"":""5""}",donations,44,"195.2.81.242",https://verite-app.com/donations/confirmation/5,"2025-04-21 02:28:04","2025-04-21 02:28:04"
179,warning,Tentative d'accès non autorisé à un don,"{""action"":""unauthorized_donation_access"",""donation_id"":""5"",""attempted_user_id"":44,""donation_owner_id"":2}",security,44,"195.2.81.242",https://verite-app.com/donations/confirmation/5,"2025-04-21 02:28:04","2025-04-21 02:28:04"
180,info,Accès au formulaire de don,"{""action"":""view_donation_form"",""user_agent"":""Mozilla\/5.0 (Macintosh; Intel Mac OS X 10_15_7) AppleWebKit\/537.36 (KHTML, like Gecko) Chrome\/133.0.0.0 Safari\/537.36""}",donations,44,"195.2.81.242",https://verite-app.com/donations,"2025-04-21 02:28:05","2025-04-21 02:28:05"
181,info,Accès à la page de confirmation de don,"{""action"":""view_donation_confirmation"",""donation_id"":""12""}",donations,45,"91.84.109.110",https://verite-app.com/donations/confirmation/12,"2025-04-22 17:56:19","2025-04-22 17:56:19"
182,warning,Tentative d'accès non autorisé à un don,"{""action"":""unauthorized_donation_access"",""donation_id"":""12"",""attempted_user_id"":45,""donation_owner_id"":2}",security,45,"91.84.109.110",https://verite-app.com/donations/confirmation/12,"2025-04-22 17:56:19","2025-04-22 17:56:19"
183,info,Accès au formulaire de don,"{""action"":""view_donation_form"",""user_agent"":""Mozilla\/5.0 (Macintosh; Intel Mac OS X 10_15_7) AppleWebKit\/537.36 (KHTML, like Gecko) Chrome\/133.0.0.0 Safari\/537.36""}",donations,45,"91.84.109.110",https://verite-app.com/donations,"2025-04-22 17:56:19","2025-04-22 17:56:19"
184,info,Accès à la page de confirmation de don,"{""action"":""view_donation_confirmation"",""donation_id"":""5""}",donations,45,"91.84.109.110",https://verite-app.com/donations/confirmation/5,"2025-04-22 17:56:23","2025-04-22 17:56:23"
185,warning,Tentative d'accès non autorisé à un don,"{""action"":""unauthorized_donation_access"",""donation_id"":""5"",""attempted_user_id"":45,""donation_owner_id"":2}",security,45,"91.84.109.110",https://verite-app.com/donations/confirmation/5,"2025-04-22 17:56:23","2025-04-22 17:56:23"
186,info,Accès au formulaire de don,"{""action"":""view_donation_form"",""user_agent"":""Mozilla\/5.0 (Macintosh; Intel Mac OS X 10_15_7) AppleWebKit\/537.36 (KHTML, like Gecko) Chrome\/133.0.0.0 Safari\/537.36""}",donations,45,"91.84.109.110",https://verite-app.com/donations,"2025-04-22 17:56:23","2025-04-22 17:56:23"
187,info,Accès à la page de confirmation de don,"{""action"":""view_donation_confirmation"",""donation_id"":""12""}",donations,46,"88.210.11.43",https://verite-app.com/donations/confirmation/12,"2025-04-22 22:04:38","2025-04-22 22:04:38"
188,warning,Tentative d'accès non autorisé à un don,"{""action"":""unauthorized_donation_access"",""donation_id"":""12"",""attempted_user_id"":46,""donation_owner_id"":2}",security,46,"88.210.11.43",https://verite-app.com/donations/confirmation/12,"2025-04-22 22:04:38","2025-04-22 22:04:38"
189,info,Accès au formulaire de don,"{""action"":""view_donation_form"",""user_agent"":""Mozilla\/5.0 (Macintosh; Intel Mac OS X 10_15_7) AppleWebKit\/537.36 (KHTML, like Gecko) Chrome\/133.0.0.0 Safari\/537.36""}",donations,46,"88.210.11.43",https://verite-app.com/donations,"2025-04-22 22:04:39","2025-04-22 22:04:39"
190,info,Accès à la page de confirmation de don,"{""action"":""view_donation_confirmation"",""donation_id"":""5""}",donations,46,"88.210.11.43",https://verite-app.com/donations/confirmation/5,"2025-04-22 22:04:40","2025-04-22 22:04:40"
191,warning,Tentative d'accès non autorisé à un don,"{""action"":""unauthorized_donation_access"",""donation_id"":""5"",""attempted_user_id"":46,""donation_owner_id"":2}",security,46,"88.210.11.43",https://verite-app.com/donations/confirmation/5,"2025-04-22 22:04:40","2025-04-22 22:04:40"
192,info,Accès au formulaire de don,"{""action"":""view_donation_form"",""user_agent"":""Mozilla\/5.0 (Macintosh; Intel Mac OS X 10_15_7) AppleWebKit\/537.36 (KHTML, like Gecko) Chrome\/133.0.0.0 Safari\/537.36""}",donations,46,"88.210.11.43",https://verite-app.com/donations,"2025-04-22 22:04:41","2025-04-22 22:04:41"
193,info,Accès à la page de confirmation de don,"{""action"":""view_donation_confirmation"",""donation_id"":""12""}",donations,47,"80.85.245.250",https://verite-app.com/donations/confirmation/12,"2025-04-24 16:02:31","2025-04-24 16:02:31"
194,warning,Tentative d'accès non autorisé à un don,"{""action"":""unauthorized_donation_access"",""donation_id"":""12"",""attempted_user_id"":47,""donation_owner_id"":2}",security,47,"80.85.245.250",https://verite-app.com/donations/confirmation/12,"2025-04-24 16:02:31","2025-04-24 16:02:31"
195,info,Accès au formulaire de don,"{""action"":""view_donation_form"",""user_agent"":""Mozilla\/5.0 (Macintosh; Intel Mac OS X 10_15_7) AppleWebKit\/537.36 (KHTML, like Gecko) Chrome\/133.0.0.0 Safari\/537.36""}",donations,47,"80.85.245.250",https://verite-app.com/donations,"2025-04-24 16:02:31","2025-04-24 16:02:31"
196,info,Accès à la page de confirmation de don,"{""action"":""view_donation_confirmation"",""donation_id"":""5""}",donations,47,"80.85.245.250",https://verite-app.com/donations/confirmation/5,"2025-04-24 16:02:32","2025-04-24 16:02:32"
197,warning,Tentative d'accès non autorisé à un don,"{""action"":""unauthorized_donation_access"",""donation_id"":""5"",""attempted_user_id"":47,""donation_owner_id"":2}",security,47,"80.85.245.250",https://verite-app.com/donations/confirmation/5,"2025-04-24 16:02:32","2025-04-24 16:02:32"
198,info,Accès au formulaire de don,"{""action"":""view_donation_form"",""user_agent"":""Mozilla\/5.0 (Macintosh; Intel Mac OS X 10_15_7) AppleWebKit\/537.36 (KHTML, like Gecko) Chrome\/133.0.0.0 Safari\/537.36""}",donations,47,"80.85.245.250",https://verite-app.com/donations,"2025-04-24 16:02:32","2025-04-24 16:02:32"
199,info,Accès à la page de confirmation de don,"{""action"":""view_donation_confirmation"",""donation_id"":""12""}",donations,48,"94.103.93.19",https://verite-app.com/donations/confirmation/12,"2025-04-26 20:03:47","2025-04-26 20:03:47"
200,warning,Tentative d'accès non autorisé à un don,"{""action"":""unauthorized_donation_access"",""donation_id"":""12"",""attempted_user_id"":48,""donation_owner_id"":2}",security,48,"94.103.93.19",https://verite-app.com/donations/confirmation/12,"2025-04-26 20:03:47","2025-04-26 20:03:47"
201,info,Accès au formulaire de don,"{""action"":""view_donation_form"",""user_agent"":""Mozilla\/5.0 (Macintosh; Intel Mac OS X 10_15_7) AppleWebKit\/537.36 (KHTML, like Gecko) Chrome\/133.0.0.0 Safari\/537.36""}",donations,48,"94.103.93.19",https://verite-app.com/donations,"2025-04-26 20:03:47","2025-04-26 20:03:47"
202,info,Accès à la page de confirmation de don,"{""action"":""view_donation_confirmation"",""donation_id"":""5""}",donations,48,"94.103.93.19",https://verite-app.com/donations/confirmation/5,"2025-04-26 20:03:48","2025-04-26 20:03:48"
203,warning,Tentative d'accès non autorisé à un don,"{""action"":""unauthorized_donation_access"",""donation_id"":""5"",""attempted_user_id"":48,""donation_owner_id"":2}",security,48,"94.103.93.19",https://verite-app.com/donations/confirmation/5,"2025-04-26 20:03:48","2025-04-26 20:03:48"
204,info,Accès au formulaire de don,"{""action"":""view_donation_form"",""user_agent"":""Mozilla\/5.0 (Macintosh; Intel Mac OS X 10_15_7) AppleWebKit\/537.36 (KHTML, like Gecko) Chrome\/133.0.0.0 Safari\/537.36""}",donations,48,"94.103.93.19",https://verite-app.com/donations,"2025-04-26 20:03:48","2025-04-26 20:03:48"
205,info,Consultation de la liste des dons,"{""action"":""list_donations"",""user_agent"":""Mozilla\/5.0 (Windows NT 10.0; Win64; x64) AppleWebKit\/537.36 (KHTML, like Gecko) Chrome\/132.0.0.0 Safari\/537.36 Edg\/132.0.0.0""}",donations,1,"102.244.45.50",https://verite-app.com/donations/list,"2025-04-27 02:44:37","2025-04-27 02:44:37"
206,info,Consultation de la liste des dons,"{""action"":""list_donations"",""user_agent"":""Mozilla\/5.0 (Windows NT 10.0; Win64; x64) AppleWebKit\/537.36 (KHTML, like Gecko) Chrome\/132.0.0.0 Safari\/537.36 Edg\/132.0.0.0""}",donations,1,"102.244.45.50",https://verite-app.com/donations/list,"2025-04-27 03:01:06","2025-04-27 03:01:06"
207,info,Accès à la page de confirmation de don,"{""action"":""view_donation_confirmation"",""donation_id"":""12""}",donations,49,"89.110.109.74",https://verite-app.com/donations/confirmation/12,"2025-04-30 14:18:57","2025-04-30 14:18:57"
208,warning,Tentative d'accès non autorisé à un don,"{""action"":""unauthorized_donation_access"",""donation_id"":""12"",""attempted_user_id"":49,""donation_owner_id"":2}",security,49,"89.110.109.74",https://verite-app.com/donations/confirmation/12,"2025-04-30 14:18:57","2025-04-30 14:18:57"
209,info,Accès au formulaire de don,"{""action"":""view_donation_form"",""user_agent"":""Mozilla\/5.0 (Macintosh; Intel Mac OS X 10_15_7) AppleWebKit\/537.36 (KHTML, like Gecko) Chrome\/133.0.0.0 Safari\/537.36""}",donations,49,"89.110.109.74",https://verite-app.com/donations,"2025-04-30 14:19:01","2025-04-30 14:19:01"
210,info,Accès à la page de confirmation de don,"{""action"":""view_donation_confirmation"",""donation_id"":""5""}",donations,49,"89.110.109.74",https://verite-app.com/donations/confirmation/5,"2025-04-30 14:19:02","2025-04-30 14:19:02"
211,warning,Tentative d'accès non autorisé à un don,"{""action"":""unauthorized_donation_access"",""donation_id"":""5"",""attempted_user_id"":49,""donation_owner_id"":2}",security,49,"89.110.109.74",https://verite-app.com/donations/confirmation/5,"2025-04-30 14:19:02","2025-04-30 14:19:02"
212,info,Accès au formulaire de don,"{""action"":""view_donation_form"",""user_agent"":""Mozilla\/5.0 (Macintosh; Intel Mac OS X 10_15_7) AppleWebKit\/537.36 (KHTML, like Gecko) Chrome\/133.0.0.0 Safari\/537.36""}",donations,49,"89.110.109.74",https://verite-app.com/donations,"2025-04-30 14:19:03","2025-04-30 14:19:03"
213,info,Accès à la page de confirmation de don,"{""action"":""view_donation_confirmation"",""donation_id"":""12""}",donations,50,"212.118.53.218",https://verite-app.com/donations/confirmation/12,"2025-04-30 19:30:50","2025-04-30 19:30:50"
214,warning,Tentative d'accès non autorisé à un don,"{""action"":""unauthorized_donation_access"",""donation_id"":""12"",""attempted_user_id"":50,""donation_owner_id"":2}",security,50,"212.118.53.218",https://verite-app.com/donations/confirmation/12,"2025-04-30 19:30:50","2025-04-30 19:30:50"
215,info,Accès au formulaire de don,"{""action"":""view_donation_form"",""user_agent"":""Mozilla\/5.0 (Macintosh; Intel Mac OS X 10_15_7) AppleWebKit\/537.36 (KHTML, like Gecko) Chrome\/133.0.0.0 Safari\/537.36""}",donations,50,"212.118.53.218",https://verite-app.com/donations,"2025-04-30 19:30:50","2025-04-30 19:30:50"
216,info,Accès à la page de confirmation de don,"{""action"":""view_donation_confirmation"",""donation_id"":""5""}",donations,50,"212.118.53.218",https://verite-app.com/donations/confirmation/5,"2025-04-30 19:30:50","2025-04-30 19:30:50"
217,warning,Tentative d'accès non autorisé à un don,"{""action"":""unauthorized_donation_access"",""donation_id"":""5"",""attempted_user_id"":50,""donation_owner_id"":2}",security,50,"212.118.53.218",https://verite-app.com/donations/confirmation/5,"2025-04-30 19:30:50","2025-04-30 19:30:50"
218,info,Accès au formulaire de don,"{""action"":""view_donation_form"",""user_agent"":""Mozilla\/5.0 (Macintosh; Intel Mac OS X 10_15_7) AppleWebKit\/537.36 (KHTML, like Gecko) Chrome\/133.0.0.0 Safari\/537.36""}",donations,50,"212.118.53.218",https://verite-app.com/donations,"2025-04-30 19:30:51","2025-04-30 19:30:51"
219,info,Consultation de la liste des dons,"{""action"":""list_donations"",""user_agent"":""Mozilla\/5.0 (Macintosh; Intel Mac OS X 10_15_7) AppleWebKit\/537.36 (KHTML, like Gecko) Chrome\/135.0.0.0 Safari\/537.36""}",donations,1,"154.72.161.71",https://verite-app.com/donations/list,"2025-05-01 13:58:15","2025-05-01 13:58:15"
220,info,Accès à la page de confirmation de don,"{""action"":""view_donation_confirmation"",""donation_id"":""12""}",donations,51,"80.85.245.37",https://verite-app.com/donations/confirmation/12,"2025-05-01 19:46:29","2025-05-01 19:46:29"
221,warning,Tentative d'accès non autorisé à un don,"{""action"":""unauthorized_donation_access"",""donation_id"":""12"",""attempted_user_id"":51,""donation_owner_id"":2}",security,51,"80.85.245.37",https://verite-app.com/donations/confirmation/12,"2025-05-01 19:46:29","2025-05-01 19:46:29"
222,info,Accès au formulaire de don,"{""action"":""view_donation_form"",""user_agent"":""Mozilla\/5.0 (Macintosh; Intel Mac OS X 10_15_7) AppleWebKit\/537.36 (KHTML, like Gecko) Chrome\/133.0.0.0 Safari\/537.36""}",donations,51,"80.85.245.37",https://verite-app.com/donations,"2025-05-01 19:46:31","2025-05-01 19:46:31"
223,info,Accès à la page de confirmation de don,"{""action"":""view_donation_confirmation"",""donation_id"":""5""}",donations,51,"80.85.245.37",https://verite-app.com/donations/confirmation/5,"2025-05-01 19:46:31","2025-05-01 19:46:31"
224,warning,Tentative d'accès non autorisé à un don,"{""action"":""unauthorized_donation_access"",""donation_id"":""5"",""attempted_user_id"":51,""donation_owner_id"":2}",security,51,"80.85.245.37",https://verite-app.com/donations/confirmation/5,"2025-05-01 19:46:31","2025-05-01 19:46:31"
225,info,Accès au formulaire de don,"{""action"":""view_donation_form"",""user_agent"":""Mozilla\/5.0 (Macintosh; Intel Mac OS X 10_15_7) AppleWebKit\/537.36 (KHTML, like Gecko) Chrome\/133.0.0.0 Safari\/537.36""}",donations,51,"80.85.245.37",https://verite-app.com/donations,"2025-05-01 19:46:33","2025-05-01 19:46:33"
226,info,Accès à la page de confirmation de don,"{""action"":""view_donation_confirmation"",""donation_id"":""12""}",donations,52,"195.26.225.209",https://verite-app.com/donations/confirmation/12,"2025-05-02 02:10:17","2025-05-02 02:10:17"
227,warning,Tentative d'accès non autorisé à un don,"{""action"":""unauthorized_donation_access"",""donation_id"":""12"",""attempted_user_id"":52,""donation_owner_id"":2}",security,52,"195.26.225.209",https://verite-app.com/donations/confirmation/12,"2025-05-02 02:10:17","2025-05-02 02:10:17"
228,info,Accès au formulaire de don,"{""action"":""view_donation_form"",""user_agent"":""Mozilla\/5.0 (Macintosh; Intel Mac OS X 10_15_7) AppleWebKit\/537.36 (KHTML, like Gecko) Chrome\/133.0.0.0 Safari\/537.36""}",donations,52,"195.26.225.209",https://verite-app.com/donations,"2025-05-02 02:10:17","2025-05-02 02:10:17"
229,info,Accès à la page de confirmation de don,"{""action"":""view_donation_confirmation"",""donation_id"":""5""}",donations,52,"195.26.225.209",https://verite-app.com/donations/confirmation/5,"2025-05-02 02:10:18","2025-05-02 02:10:18"
230,warning,Tentative d'accès non autorisé à un don,"{""action"":""unauthorized_donation_access"",""donation_id"":""5"",""attempted_user_id"":52,""donation_owner_id"":2}",security,52,"195.26.225.209",https://verite-app.com/donations/confirmation/5,"2025-05-02 02:10:18","2025-05-02 02:10:18"
231,info,Accès au formulaire de don,"{""action"":""view_donation_form"",""user_agent"":""Mozilla\/5.0 (Macintosh; Intel Mac OS X 10_15_7) AppleWebKit\/537.36 (KHTML, like Gecko) Chrome\/133.0.0.0 Safari\/537.36""}",donations,52,"195.26.225.209",https://verite-app.com/donations,"2025-05-02 02:10:18","2025-05-02 02:10:18"
232,info,Accès à la page de confirmation de don,"{""action"":""view_donation_confirmation"",""donation_id"":""12""}",donations,53,"80.85.246.144",https://verite-app.com/donations/confirmation/12,"2025-05-02 14:44:52","2025-05-02 14:44:52"
233,warning,Tentative d'accès non autorisé à un don,"{""action"":""unauthorized_donation_access"",""donation_id"":""12"",""attempted_user_id"":53,""donation_owner_id"":2}",security,53,"80.85.246.144",https://verite-app.com/donations/confirmation/12,"2025-05-02 14:44:52","2025-05-02 14:44:52"
234,info,Accès au formulaire de don,"{""action"":""view_donation_form"",""user_agent"":""Mozilla\/5.0 (Macintosh; Intel Mac OS X 10_15_7) AppleWebKit\/537.36 (KHTML, like Gecko) Chrome\/133.0.0.0 Safari\/537.36""}",donations,53,"80.85.246.144",https://verite-app.com/donations,"2025-05-02 14:44:52","2025-05-02 14:44:52"
235,info,Accès à la page de confirmation de don,"{""action"":""view_donation_confirmation"",""donation_id"":""5""}",donations,53,"80.85.246.144",https://verite-app.com/donations/confirmation/5,"2025-05-02 14:44:53","2025-05-02 14:44:53"
236,warning,Tentative d'accès non autorisé à un don,"{""action"":""unauthorized_donation_access"",""donation_id"":""5"",""attempted_user_id"":53,""donation_owner_id"":2}",security,53,"80.85.246.144",https://verite-app.com/donations/confirmation/5,"2025-05-02 14:44:53","2025-05-02 14:44:53"
237,info,Accès au formulaire de don,"{""action"":""view_donation_form"",""user_agent"":""Mozilla\/5.0 (Macintosh; Intel Mac OS X 10_15_7) AppleWebKit\/537.36 (KHTML, like Gecko) Chrome\/133.0.0.0 Safari\/537.36""}",donations,53,"80.85.246.144",https://verite-app.com/donations,"2025-05-02 14:44:53","2025-05-02 14:44:53"
238,info,Accès à la page de confirmation de don,"{""action"":""view_donation_confirmation"",""donation_id"":""12""}",donations,54,"195.2.78.89",https://verite-app.com/donations/confirmation/12,"2025-05-03 02:49:39","2025-05-03 02:49:39"
239,warning,Tentative d'accès non autorisé à un don,"{""action"":""unauthorized_donation_access"",""donation_id"":""12"",""attempted_user_id"":54,""donation_owner_id"":2}",security,54,"195.2.78.89",https://verite-app.com/donations/confirmation/12,"2025-05-03 02:49:39","2025-05-03 02:49:39"
240,info,Accès au formulaire de don,"{""action"":""view_donation_form"",""user_agent"":""Mozilla\/5.0 (Macintosh; Intel Mac OS X 10_15_7) AppleWebKit\/537.36 (KHTML, like Gecko) Chrome\/133.0.0.0 Safari\/537.36""}",donations,54,"195.2.78.89",https://verite-app.com/donations,"2025-05-03 02:49:41","2025-05-03 02:49:41"
241,info,Accès à la page de confirmation de don,"{""action"":""view_donation_confirmation"",""donation_id"":""5""}",donations,54,"195.2.78.89",https://verite-app.com/donations/confirmation/5,"2025-05-03 02:49:41","2025-05-03 02:49:41"
242,warning,Tentative d'accès non autorisé à un don,"{""action"":""unauthorized_donation_access"",""donation_id"":""5"",""attempted_user_id"":54,""donation_owner_id"":2}",security,54,"195.2.78.89",https://verite-app.com/donations/confirmation/5,"2025-05-03 02:49:41","2025-05-03 02:49:41"
243,info,Accès au formulaire de don,"{""action"":""view_donation_form"",""user_agent"":""Mozilla\/5.0 (Macintosh; Intel Mac OS X 10_15_7) AppleWebKit\/537.36 (KHTML, like Gecko) Chrome\/133.0.0.0 Safari\/537.36""}",donations,54,"195.2.78.89",https://verite-app.com/donations,"2025-05-03 02:49:41","2025-05-03 02:49:41"
244,info,Accès à la page de confirmation de don,"{""action"":""view_donation_confirmation"",""donation_id"":""12""}",donations,55,"94.103.87.196",https://verite-app.com/donations/confirmation/12,"2025-05-03 22:59:22","2025-05-03 22:59:22"
245,warning,Tentative d'accès non autorisé à un don,"{""action"":""unauthorized_donation_access"",""donation_id"":""12"",""attempted_user_id"":55,""donation_owner_id"":2}",security,55,"94.103.87.196",https://verite-app.com/donations/confirmation/12,"2025-05-03 22:59:22","2025-05-03 22:59:22"
246,info,Accès au formulaire de don,"{""action"":""view_donation_form"",""user_agent"":""Mozilla\/5.0 (Macintosh; Intel Mac OS X 10_15_7) AppleWebKit\/537.36 (KHTML, like Gecko) Chrome\/133.0.0.0 Safari\/537.36""}",donations,55,"94.103.87.196",https://verite-app.com/donations,"2025-05-03 22:59:22","2025-05-03 22:59:22"
247,info,Accès à la page de confirmation de don,"{""action"":""view_donation_confirmation"",""donation_id"":""5""}",donations,55,"94.103.87.196",https://verite-app.com/donations/confirmation/5,"2025-05-03 22:59:22","2025-05-03 22:59:22"
248,warning,Tentative d'accès non autorisé à un don,"{""action"":""unauthorized_donation_access"",""donation_id"":""5"",""attempted_user_id"":55,""donation_owner_id"":2}",security,55,"94.103.87.196",https://verite-app.com/donations/confirmation/5,"2025-05-03 22:59:22","2025-05-03 22:59:22"
249,info,Accès au formulaire de don,"{""action"":""view_donation_form"",""user_agent"":""Mozilla\/5.0 (Macintosh; Intel Mac OS X 10_15_7) AppleWebKit\/537.36 (KHTML, like Gecko) Chrome\/133.0.0.0 Safari\/537.36""}",donations,55,"94.103.87.196",https://verite-app.com/donations,"2025-05-03 22:59:22","2025-05-03 22:59:22"
250,info,Accès au formulaire de don,"{""action"":""view_donation_form"",""user_agent"":""Mozilla\/5.0 (Windows NT 10.0; Win64; x64) AppleWebKit\/537.36 (KHTML, like Gecko) Chrome\/135.0.0.0 Safari\/537.36 Edg\/135.0.0.0""}",donations,,"127.0.0.1",http://127.0.0.1:8000/donations,"2025-05-05 01:03:09","2025-05-05 01:03:09"
251,info,Accès au formulaire de don,"{""action"":""view_donation_form"",""user_agent"":""Mozilla\/5.0 (Windows NT 10.0; Win64; x64) AppleWebKit\/537.36 (KHTML, like Gecko) Chrome\/135.0.0.0 Safari\/537.36 Edg\/135.0.0.0""}",donations,,"127.0.0.1",http://127.0.0.1:8000/donations,"2025-05-05 02:05:24","2025-05-05 02:05:24"
252,info,Accès au formulaire de don,"{""action"":""view_donation_form"",""user_agent"":""Mozilla\/5.0 (Windows NT 10.0; Win64; x64) AppleWebKit\/537.36 (KHTML, like Gecko) Chrome\/135.0.0.0 Safari\/537.36 Edg\/135.0.0.0""}",donations,,"127.0.0.1",http://127.0.0.1:8000/donations,"2025-05-05 02:05:35","2025-05-05 02:05:35"
253,info,Consultation de l'historique des dons personnels,"{""action"":""view_personal_donation_history"",""user_id"":2}",donations,2,"127.0.0.1",http://127.0.0.1:8000/donations/my-donations,"2025-05-05 21:18:58","2025-05-05 21:18:58"
254,info,Consultation de la liste des dons,"{""action"":""list_donations"",""user_agent"":""Mozilla\/5.0 (Windows NT 10.0; Win64; x64) AppleWebKit\/537.36 (KHTML, like Gecko) Chrome\/135.0.0.0 Safari\/537.36 Edg\/135.0.0.0""}",donations,2,"127.0.0.1",http://127.0.0.1:8000/donations/list,"2025-05-05 21:19:19","2025-05-05 21:19:19"
255,info,Consultation de l'historique des dons personnels,"{""action"":""view_personal_donation_history"",""user_id"":2}",donations,2,"127.0.0.1",http://127.0.0.1:8000/donations/my-donations,"2025-05-05 21:19:41","2025-05-05 21:19:41"
256,info,Accès à la page de confirmation de don,"{""action"":""view_donation_confirmation"",""donation_id"":""11""}",donations,2,"127.0.0.1",http://127.0.0.1:8000/donations/confirmation/11,"2025-05-05 21:19:57","2025-05-05 21:19:57"
257,info,Consultation de l'historique des dons personnels,"{""action"":""view_personal_donation_history"",""user_id"":2}",donations,2,"127.0.0.1",http://127.0.0.1:8000/donations/my-donations,"2025-05-05 21:20:02","2025-05-05 21:20:02"
258,info,Consultation de la liste des dons,"{""action"":""list_donations"",""user_agent"":""Mozilla\/5.0 (Windows NT 10.0; Win64; x64) AppleWebKit\/537.36 (KHTML, like Gecko) Chrome\/135.0.0.0 Safari\/537.36 Edg\/135.0.0.0""}",donations,2,"127.0.0.1",http://127.0.0.1:8000/donations/list,"2025-05-05 21:28:29","2025-05-05 21:28:29"
